{"die": 6.475158, "sonne": 3.98073, "scheint": 4.21614, "zumeist": 3.364551, "nur": 5.460892, "selten": 3.915611, "verdecken": 2.526339, "sie": 5.437963, "lockere": 2.451786, "wolken": 3.364739, "ich": 5.280685, "habe": 5.113729, "mit": 4.613303, "großem": 3.454845, "vergnügen": 3.43072, "amüsanten": 1.832509, "filmkritiken": 0.477121, "gelesen": 3.618989, "man": 5.422478, "sollte": 4.621965, "versuchen": 3.754578, "abwechselnd": 3.025306, "kalt": 3.550717, "und": 6.434424, "warm": 3.400883, "zu": 6.035134, "duschen": 1.70757, "seiner": 3.031004, "tochter": 3.890197, "erteilte": 2.824776, "der": 5.425435, "vater": 4.422984, "eine": 5.748614, "rüge": 2.247973, "am": 4.573823, "montag": 3.557748, "fahren": 3.801198, "wir": 5.315067, "nach": 4.57344, "hamburg": 3.814114, "zum": 5.303174, "einkaufen": 2.164353, "gerade": 3.655042, "von": 5.986551, "einem": 5.3386, "therapeuten": 2.257679, "hätte": 4.697961, "es": 5.73672, "verlangen": 3.669131, "können": 4.989521, "dieses": 4.013974, "jahr": 4.381801, "wird": 5.456419, "ernte": 3.255755, "mal": 4.372617, "wieder": 5.11238, "schlecht": 3.835627, "ausfallen": 2.772322, "spielsucht": 1.146128, "ist": 5.878413, "einer": 5.471258, "gründe": 3.67256, "warum": 4.06487, "er": 5.23162, "ständig": 3.75694, "pleite": 2.029384, "als": 5.703793, "jugendlicher": 2.44248, "war": 5.577601, "ein": 5.784187, "ernster": 2.977266, "mensch": 4.378471, "ohne": 4.947169, "zeichen": 3.972157, "innerer": 3.12156, "anteilnahme": 2.885361, "hörte": 4.095204, "das": 5.326188, "urteil": 3.85309, "seinen": 4.885587, "niederlagen": 2.621176, "steht": 4.536887, "gerhard": 3.271842, "erfolg": 4.070001, "gut": 4.630499, "gesicht": 4.379106, "eltern": 4.012289, "hat": 5.460754, "einen": 5.39066, "seltenen": 2.984527, "vornamen": 2.825426, "bekommen": 3.97973, "fast": 3.394802, "drei": 4.635574, "stückchen": 3.010724, "kuchen": 3.056524, "gegessen": 3.180413, "wie": 5.565319, "alle": 5.007718, "mussten": 2.495544, "sich": 5.902784, "erst": 4.729027, "bewerben": 2.311754, "typisch": 3.099335, "für": 5.703461, "klaus": 3.157457, "proviant": 2.459392, "bestand": 3.722552, "aus": 5.544486, "speck": 2.833784, "butter": 3.354301, "erbsen": 2.761176, "katholizismus": 3.072985, "treten": 3.940068, "nicht": 5.912923, "mehr": 5.180948, "viel": 4.695963, "menschen": 4.798823, "über": 5.414248, "polizeikräfte": 2.071882, "bereiten": 3.278067, "in": 6.203778, "voller": 3.758685, "montur": 1.897627, "auf": 5.840556, "paraden": 2.037426, "vor": 5.314105, "aufwendig": 0.30103, "dekorierte": 1.724276, "fassaden": 2.522444, "prägen": 2.507856, "zentrum": 3.66436, "londons": 2.330414, "unter": 4.150818, "den": 6.078625, "verletzten": 2.603144, "auch": 5.648503, "bräutigam": 2.914872, "meine": 3.946845, "schwägerin": 2.746634, "hatte": 5.296035, "schon": 5.122055, "ihre": 5.078243, "mütze": 3.142702, "aufgesetzt": 2.680336, "preis": 3.806384, "entscheidend": 3.344981, "sondern": 4.966597, "qualität": 3.573336, "offen": 2.260071, "blieb": 4.266749, "noch": 5.465099, "wann": 3.694693, "enkelkind": 1.90309, "getauft": 2.694605, "wären": 4.047197, "ja": 4.902389, "töricht": 2.715167, "wenn": 5.287125, "täten": 2.509203, "alte": 4.289009, "männer": 4.171522, "haben": 5.2925, "manchmal": 3.948804, "seltsamen": 2.98945, "blick": 4.226368, "dinge": 4.220187, "paar": 4.265714, "tage": 4.422934, "treffen": 3.821645, "aller": 4.611691, "welt": 4.745528, "gute": 4.140759, "mann": 4.713667, "dem": 5.83478, "pferd": 3.554126, "eis": 3.260071, "eingebrochen": 2.173186, "künstlerin": 2.79796, "musste": 2.961421, "wegen": 4.431862, "trunkenheit": 2.448706, "steuer": 3.216166, "zwei": 4.802787, "ins": 4.662626, "gefängnis": 3.577722, "große": 4.560719, "krisen": 2.909556, "schleichen": 2.363612, "meist": 4.158935, "langsam": 4.052386, "an": 5.676708, "sorgt": 3.114611, "gesang": 3.258637, "musik": 4.167288, "bislang": 2.356026, "verständnis": 3.77459, "sorgen": 3.4929, "anders": 3.233757, "wohl": 4.67716, "verstehen": 4.065244, "besonders": 4.558264, "bemängelt": 2.173186, "mangelnde": 2.778874, "medizinische": 2.857332, "versorgung": 3.34262, "idee": 3.967642, "hatten": 4.6832, "fotograf": 2.190332, "galeristin": 0.69897, "seit": 4.690426, "jahren": 4.627755, "sanierung": 2.588832, "des": 5.93638, "gebäudes": 2.661813, "diskutiert": 3.090611, "grausamkeit": 2.775246, "tat": 4.009111, "kein": 4.711698, "gradmesser": 2.012837, "erkrankung": 2.989895, "täters": 2.356026, "gegen": 5.059904, "mittag": 3.361161, "waren": 4.986248, "drittel": 3.437909, "kandidaten": 3.378761, "ausgeschieden": 2.790988, "offizielle": 2.004321, "reden": 3.620552, "halten": 4.279119, "müssen": 4.726271, "ihr": 5.110209, "bruder": 3.904553, "reifen": 2.889302, "wechseln": 3.189771, "wachsendem": 2.521138, "druck": 3.872622, "kurt": 3.616476, "offiziell": 3.261025, "entschuldigt": 2.677607, "mediziner": 2.826075, "verloren": 4.019449, "wettkampf": 2.426511, "zeit": 4.980408, "sind": 5.447343, "gegenseitig": 3.458789, "projektion": 2.664642, "hoffnung": 3.90977, "vielleicht": 4.046378, "tänzer": 2.673021, "ihren": 4.815239, "traum": 3.674861, "selbst": 4.970272, "ruiniert": 2.518514, "erinnerung": 3.805705, "daran": 4.343625, "treibt": 3.31133, "mich": 5.065053, "schaudernd": 2.071882, "kalte": 3.255996, "badezimmer": 2.657056, "reichlich": 1.748188, "pfunde": 1.851258, "po": 2.245513, "rippen": 2.78533, "ausdrücklich": 3.63367, "erwünscht": 2.91803, "ganz": 4.955779, "schön": 4.022428, "russische": 3.427648, "walzer": 2.640481, "prachtvollen": 2.432969, "kostümen": 2.071882, "mittlerweile": 2.515874, "sucht": 3.761853, "seuche": 2.599883, "acht": 3.902275, "andere": 4.736986, "staaten": 4.494322, "region": 3.31534, "heim": 3.146438, "eure": 3.034227, "berge": 3.407731, "so": 5.545333, "unsere": 4.484528, "heute": 3.909235, "bauern": 3.821251, "draußen": 3.857875, "ernten": 2.567026, "muss": 3.396199, "einmal": 4.831851, "klipp": 2.155336, "klar": 4.14192, "gesagt": 4.400918, "werden": 5.51737, "gerüchte": 3.068557, "verwies": 3.184691, "managerin": 0.954243, "reich": 3.99273, "fantasie": 2.369216, "japanische": 3.246252, "raumfahrt": 2.071882, "erlebte": 3.146438, "wochenende": 2.900913, "weiteren": 4.068705, "absturz": 2.618048, "einst": 3.732474, "vergifteten": 2.089905, "gegend": 3.572523, "soll": 4.80345, "naturpark": 1.041393, "entstehen": 3.796436, "prinz": 3.504199, "kann": 5.208495, "alkohol": 3.323665, "schönen": 3.83531, "frauen": 4.266255, "widerstehen": 2.764923, "leute": 4.35742, "trieben": 2.913284, "milchkühe": 1.690196, "weide": 2.640481, "neben": 3.80058, "geldpreis": 1.556303, "gehört": 4.346529, "ersten": 4.679283, "verfilmung": 1.90309, "thomas": 3.875003, "geliehene": 1.591065, "kassette": 2.232996, "zurückgegeben": 2.680336, "haus": 4.31133, "familie": 4.108328, "voll": 4.136118, "gestellt": 4.094995, "mitbringseln": 0.30103, "unser": 3.60401, "nachbar": 3.005181, "nase": 3.735359, "gebrochen": 3.286456, "sieht": 4.327359, "nackt": 3.085647, "im": 5.721646, "damals": 3.426023, "vertrat": 3.044148, "seine": 5.145433, "meinung": 4.075547, "bei": 4.600243, "widerstand": 3.772248, "niemand": 3.571359, "will": 4.702301, "entführung": 2.577492, "gewusst": 1.892095, "film": 3.710287, "streckenweise": 1.995635, "etwas": 4.876749, "kitschig": 1.740363, "geraten": 3.634376, "frösche": 2.482874, "quaken": 1.380211, "lauen": 2.143015, "sommernächten": 1.380211, "zufällig": 2.176091, "lernte": 3.323046, "produzenten": 2.898725, "kennen": 3.96009, "erste": 4.425175, "rolle": 4.162176, "gab": 4.621955, "frau": 4.762363, "blassen": 2.739572, "begrüßt": 3.326745, "gäste": 3.718502, "peinlicher": 0.778151, "höhepunkt": 3.312389, "hier": 4.972689, "tanz": 3.300161, "zweier": 3.439806, "rivalinnen": 1.20412, "um": 5.392076, "ganzen": 4.444373, "tag": 4.446055, "frischen": 3.130012, "luft": 4.166015, "gründen": 3.135133, "sein": 4.218115, "größter": 3.294687, "wunsch": 3.948266, "schwerem": 2.788875, "sturm": 3.582404, "frachter": 2.214844, "gesunken": 2.986772, "ruf": 3.556785,